{"bounds": {"min_lat": -37.2, "max_lat": -36.4, "min_lon": 174.4, "max_lon": 175.4}, "land_polygons": [[[-37.299005, 174.837901], [-37.291681, 174.833018], [-37.287693, 174.822602], [-37.293227, 174.808849], [-37.2999, 174.799083], [-37.252618, 174.651215], [-37.22088, 174.64088], [-37.184991, 174.617442], [-37.176202, 174.613617], [-37.15488, 174.607677], [-37.090509, 174.565278], [-37.062758, 174.558279], [-37.061456, 174.574718], [-37.066827, 174.602794], [-37.057061, 174.642751], [-37.06113, 174.6574], [-37.069513, 174.667328], [-37.080011, 174.665212], [-37.090916, 174.65561], [-37.096856, 174.653982], [-37.176039, 174.704275], [-37.208266, 174.708263], [-37.233331, 174.722667], [-37.244399, 174.740001], [-37.22088, 174.750743], [-37.195082, 174.738455], [-37.179457, 174.73585], [-37.17254, 174.747325], [-37.177016, 174.777029], [-37.175877, 174.79005], [-37.166274, 174.804861], [-37.166925, 174.784841], [-37.159356, 174.734548], [-37.152602, 174.716645], [-37.146742, 174.731619], [-37.108657, 174.785899], [-37.111017, 174.792735], [-37.132745, 174.79184], [-37.092706, 174.833263], [-37.078302, 174.855968], [-37.076349, 174.880544], [-37.111749, 174.91863], [-37.117852, 174.931814], [-37.113051, 174.945811], [-37.101739, 174.948416], [-37.088067, 174.943614], [-37.076349, 174.935232], [-37.065525, 174.937022], [-37.049086, 174.885997], [-37.035903, 174.866873], [-37.04046, 174.851329], [-37.027602, 174.84197], [-37.008477, 174.834972], [-36.993748, 174.825938], [-37.018324, 174.800304], [-37.008477, 174.785818], [-36.986261, 174.783865], [-36.97381, 174.795258], [-36.971124, 174.806814], [-36.9638, 174.819021], [-36.95379, 174.828787], [-36.942804, 174.832774], [-36.933526, 174.768321], [-36.936293, 174.700694], [-36.944106, 174.667328], [-36.960219, 174.64088], [-36.972589, 174.632335], [-36.996759, 174.62615], [-37.007989, 174.621104], [-37.018324, 174.611501], [-37.018731, 174.603282], [-37.001153, 174.5796], [-37.018731, 174.565603], [-37.034112, 174.544119], [-37.040704, 174.520518], [-37.032159, 174.500336], [-37.014581, 174.488943], [-36.900486, 174.448416], [-36.806329, 174.426443], [-36.761489, 174.407563], [-36.685317, 174.355724], [-36.528009, 174.314789], [-36.53574, 174.329112], [-36.539483, 174.345876], [-36.548761, 174.355642], [-36.559991, 174.354666], [-36.569757, 174.339366], [-36.581964, 174.379731], [-36.583429, 174.390473], [-36.585707, 174.391612], [-36.590916, 174.381602], [-36.595636, 174.36671], [-36.597101, 174.353038], [-36.603204, 174.362478], [-36.611261, 174.366384], [-36.620782, 174.365245], [-36.63128, 174.359874], [-36.632094, 174.371837], [-36.634698, 174.381196], [-36.645603, 174.401378], [-36.638604, 174.40089], [-36.624444, 174.401866], [-36.617608, 174.401378], [-36.631524, 174.411306], [-36.654392, 174.421397], [-36.665623, 174.431407], [-36.645603, 174.441742], [-36.646417, 174.452403], [-36.635186, 174.456554], [-36.618829, 174.458507], [-36.603936, 174.462901], [-36.597263, 174.469412], [-36.586114, 174.485362], [-36.576593, 174.490733], [-36.58115, 174.475108], [-36.583429, 174.469737], [-36.563897, 174.461111], [-36.51922, 174.470551], [-36.507745, 174.462901], [-36.522719, 174.453949], [-36.515313, 174.44988], [-36.463149, 174.449718], [-36.459893, 174.449229], [-36.454767, 174.452973], [-36.439548, 174.469737], [-36.428643, 174.461925], [-36.417739, 174.44988], [-36.406508, 174.441417], [-36.395115, 174.445567], [-36.379002, 174.467621], [-36.373224, 174.465994], [-36.357354, 174.434581], [-36.357843, 174.427908], [-36.374933, 174.411306], [-36.384454, 174.398936], [-36.38893, 174.389985], [-36.392511, 174.331228], [-36.317641, 174.303233], [-36.325128, 174.316905], [-36.330255, 174.33253], [-36.327813, 174.375011], [-36.322686, 174.395193], [-36.313165, 174.411306], [-36.300063, 174.427257], [-36.300063, 174.823009], [-36.301853, 174.825206], [-36.306329, 174.82252], [-36.307875, 174.819021], [-36.306817, 174.815684], [-36.30462, 174.813324], [-36.302911, 174.812999], [-36.306248, 174.807628], [-36.30462, 174.803722], [-36.305597, 174.800792], [-36.316583, 174.798595], [-36.334893, 174.806407], [-36.342218, 174.828787], [-36.34531, 174.856619], [-36.351332, 174.880544], [-36.355564, 174.850352], [-36.351983, 174.767833], [-36.354425, 174.750743], [-36.368341, 174.753266], [-36.409601, 174.767263], [-36.436212, 174.783376], [-36.453302, 174.78533], [-36.471287, 174.783051], [-36.487237, 174.778819], [-36.439874, 174.758474], [-36.420017, 174.742686], [-36.411554, 174.716645], [-36.455662, 174.734874], [-36.472589, 174.732595], [-36.473565, 174.709809], [-36.481052, 174.709809], [-36.483575, 174.719574], [-36.487888, 174.728282], [-36.493585, 174.736339], [-36.500909, 174.743988], [-36.511326, 174.736827], [-36.521905, 174.715831], [-36.528904, 174.709809], [-36.542087, 174.709646], [-36.559747, 174.720551], [-36.573175, 174.723481], [-36.593683, 174.722911], [-36.596449, 174.727712], [-36.607354, 174.740571], [-36.612888, 174.750499], [-36.615981, 174.764415], [-36.617608, 174.79184], [-36.604181, 174.834483], [-36.603936, 174.846446], [-36.610935, 174.856944], [-36.616388, 174.852306], [-36.637953, 174.806163], [-36.645603, 174.781586], [-36.64422, 174.765391], [-36.63128, 174.723481], [-36.648614, 174.743988], [-36.673272, 174.759288], [-36.823663, 174.819102], [-36.818617, 174.797374], [-36.809259, 174.784434], [-36.805352, 174.770193], [-36.816827, 174.743988], [-36.811782, 174.735606], [-36.805597, 174.731944], [-36.79811, 174.732595], [-36.789483, 174.737153], [-36.785903, 174.717784], [-36.758477, 174.703624], [-36.758477, 174.689138], [-36.773045, 174.653575], [-36.781671, 174.637869], [-36.796319, 174.621104], [-36.803155, 174.621104], [-36.803969, 174.629731], [-36.799574, 174.66505], [-36.803155, 174.682628], [-36.810479, 174.67335], [-36.818048, 174.659028], [-36.825942, 174.649425], [-36.833917, 174.654633], [-36.841729, 174.670584], [-36.845392, 174.675304], [-36.851251, 174.674571], [-36.893813, 174.675792], [-36.907403, 174.680186], [-36.913018, 174.692556], [-36.907892, 174.700694], [-36.895685, 174.701996], [-36.881931, 174.701182], [-36.871352, 174.703136], [-36.879002, 174.709809], [-36.867608, 174.718272], [-36.858005, 174.727387], [-36.850356, 174.738129], [-36.844822, 174.750743], [-36.842706, 174.766449], [-36.851007, 174.812999], [-36.851007, 174.875662], [-36.862481, 174.897472], [-36.892673, 174.894216], [-36.904718, 174.884125], [-36.911228, 174.874278], [-36.920017, 174.869151], [-36.939142, 174.87379], [-36.952081, 174.879405], [-36.95908, 174.884776], [-36.957778, 174.891449], [-36.946547, 174.901134], [-36.837335, 174.928396], [-36.837335, 174.935232], [-36.884535, 174.957042], [-36.907403, 174.964854], [-36.933526, 174.963145], [-36.928643, 174.98585], [-36.92783, 175.011404], [-36.920343, 175.023936], [-36.895929, 175.007579], [-36.879327, 175.003673], [-36.874607, 175.02711], [-36.877618, 175.058849], [-36.884535, 175.079845], [-36.907403, 175.091807], [-36.953058, 175.080577], [-36.970473, 175.093435], [-36.97381, 175.108897], [-36.969822, 175.121104], [-36.963474, 175.132335], [-36.95908, 175.149099], [-36.945896, 175.172618], [-36.947931, 175.178722], [-36.951918, 175.184093], [-36.953383, 175.188975], [-36.940851, 175.22169], [-36.939142, 175.230724], [-36.942315, 175.240977], [-36.956801, 175.262462], [-36.960219, 175.275401], [-36.964125, 175.283539], [-36.999607, 175.319021], [-37.009454, 175.32602], [-37.021254, 175.331065], [-37.035903, 175.333751], [-37.059015, 175.332693], [-37.128676, 175.320079], [-37.151625, 175.324718], [-37.173272, 175.336274], [-37.192153, 175.351736], [-37.207208, 175.367198], [-37.22381, 175.403331], [-37.224867, 175.447927], [-37.215509, 175.4935], [-36.929376, 175.499034], [-36.914646, 175.473888], [-36.905532, 175.46339], [-36.894789, 175.457286], [-36.88421, 175.454112], [-36.874119, 175.448904], [-36.864679, 175.436209], [-36.858494, 175.457286], [-36.861993, 175.481293], [-36.845392, 175.485199], [-36.843438, 175.469737], 